<?xml version="1.0" encoding="UTF-8" standalone="no"?>
<accolite>
<employee>
<empno>12</empno>
<ename>abc</ename>
<job>intern</job>
<mgr>21</mgr>
<hiredate>2019-10-10</hiredate>
<sal>2</sal>
<comm>12</comm>
<deptno>20</deptno>
</employee>
<employee>
<empno>292</empno>
<ename>github</ename>
<job>open</job>
<mgr>1232</mgr>
<hiredate>2019-10-10</hiredate>
<sal>237</sal>
<comm>1232</comm>
<deptno>20</deptno>
</employee>
<employee>
<empno>467</empno>
<ename>Tushar</ename>
<job>Developer</job>
<mgr>456</mgr>
<hiredate>2012-08-12</hiredate>
<sal>6557</sal>
<comm>875</comm>
<deptno>20</deptno>
</employee>
<employee>
<empno>1023</empno>
<ename>Mona Singh</ename>
<job>Developer</job>
<mgr>123</mgr>
<hiredate>2012-12-12</hiredate>
<sal>78</sal>
<comm>67</comm>
<deptno>20</deptno>
</employee>
<employee>
<empno>1024</empno>
<ename>Mona Singh</ename>
<job>Developer</job>
<mgr>123</mgr>
<hiredate>2012-12-12</hiredate>
<sal>78</sal>
<comm>67</comm>
<deptno>20</deptno>
</employee>
<employee>
<empno>1025</empno>
<ename>Mona Singh</ename>
<job>Developer</job>
<mgr>123</mgr>
<hiredate>2012-12-12</hiredate>
<sal>78</sal>
<comm>67</comm>
<deptno>20</deptno>
</employee>
<employee>
<empno>1026</empno>
<ename>Mona Singh</ename>
<job>Developer</job>
<mgr>123</mgr>
<hiredate>2012-12-12</hiredate>
<sal>78</sal>
<comm>67</comm>
<deptno>20</deptno>
</employee>
<employee>
<empno>7369</empno>
<ename>SMITH</ename>
<job>CLERK</job>
<mgr>7902</mgr>
<hiredate>1980-12-17</hiredate>
<sal>800</sal>
<comm>null</comm>
<deptno>20</deptno>
</employee>
<employee>
<empno>7499</empno>
<ename>ALLEN</ename>
<job>SALESMAN</job>
<mgr>7698</mgr>
<hiredate>1981-02-20</hiredate>
<sal>1600</sal>
<comm>300</comm>
<deptno>30</deptno>
</employee>
<employee>
<empno>7521</empno>
<ename>WARD</ename>
<job>SALESMAN</job>
<mgr>7698</mgr>
<hiredate>1981-02-22</hiredate>
<sal>1250</sal>
<comm>500</comm>
<deptno>30</deptno>
</employee>
<employee>
<empno>7566</empno>
<ename>JONES</ename>
<job>MANAGER</job>
<mgr>7839</mgr>
<hiredate>1981-04-02</hiredate>
<sal>2975</sal>
<comm>null</comm>
<deptno>20</deptno>
</employee>
<employee>
<empno>7698</empno>
<ename>BLAKE</ename>
<job>MANAGER</job>
<mgr>7839</mgr>
<hiredate>1981-05-01</hiredate>
<sal>2850</sal>
<comm>null</comm>
<deptno>30</deptno>
</employee>
<employee>
<empno>7782</empno>
<ename>CLARK</ename>
<job>MANAGER</job>
<mgr>7839</mgr>
<hiredate>1981-06-09</hiredate>
<sal>2450</sal>
<comm>null</comm>
<deptno>10</deptno>
</employee>
<employee>
<empno>7788</empno>
<ename>SCOTT</ename>
<job>ANALYST</job>
<mgr>7566</mgr>
<hiredate>1987-07-13</hiredate>
<sal>3000</sal>
<comm>null</comm>
<deptno>20</deptno>
</employee>
<employee>
<empno>7839</empno>
<ename>KING</ename>
<job>PRESIDENT</job>
<mgr>null</mgr>
<hiredate>1981-11-17</hiredate>
<sal>5000</sal>
<comm>null</comm>
<deptno>10</deptno>
</employee>
<employee>
<empno>7902</empno>
<ename>FORD</ename>
<job>ANALYST</job>
<mgr>7566</mgr>
<hiredate>1981-12-03</hiredate>
<sal>3000</sal>
<comm>null</comm>
<deptno>20</deptno>
</employee>
</accolite>
